keep,title,author,region,filename
Y,哲学·科学·常识,陈嘉映,E,哲学·科学·常识
Y,理想国,柏拉图,W,理想国
N,苏菲的世界 (贾德名作系列),贾德著,,Su Fei De Shi Jie  (Jia De Ming - (Nuo )Jia De Zhu ;Xiao Bao Sen
Y,庄子今注今译,陈鼓应,E,庄子今注今译
Y,西方哲学史讲演录,赵林,W,01《西方哲学史讲演录》
Y,自由及其背叛：人类自由的六个敌人,以赛亚·伯林,W,自由及其背叛：人类自由的六个敌人 (人文与社会译丛)
Y,哲学导论：综合原典阅读教程,罗伯特·所罗门,W,《哲学导论》---罗伯特·C·所罗门
Y,康德著作集,伊曼努尔·康德,W,康德著作集（套装10册）（汉译世界学术名著丛书） - 康德
Y,西方哲学史,撒穆尔·伊诺克·斯通普夫/詹姆斯·菲泽,W,西方哲学史（第9版）
Y,人生的智慧：如何才能幸福度过一生,阿图尔·叔本华,W,人生的智慧：如何才能幸福度过一生
Y,王阳明全集,王阳明,E,王阳明全集：简体注释版 - 王阳明
Y,哲学的故事,威尔·杜兰特,W,哲学的故事
Y,存在与虚无,让-保罗·萨特,W,存在与虚无
Y,逻辑哲学论,维特根斯坦,W,逻辑哲学论-维特根斯坦
Y,寻觅意义,王德峰,E,《寻觅意义》王德峰教授 2022 新书
N,尼采经典著作及研究丛书（四册全）,尼采,W,尼采经典著作及研究丛书（四册全） - 尼采 & 孙周兴
Y,走出唯一真理观,陈嘉映,E,走出唯一真理观
Y,有限与无限的游戏：一个哲学家眼中的竞技世界,詹姆斯·卡斯,W,有限与无限的游戏：一个哲学家眼中的竞技世界
Y,谈谈方法,勒内·笛卡尔,W,谈谈方法
Y,当尼采哭泣,欧文·亚隆,W,当尼采哭泣(欧文隆)
Y,悉达多,赫尔曼•黑塞,W,悉达多 -赫尔曼·黑塞
Y,维特根斯坦传,瑞·蒙克,W,维特根斯坦传：天才之为责任
Y,维特根斯坦文集,路德维希·维特根斯坦,W,《维特根斯坦文集（套装全8卷）》
Y,存在主义咖啡馆——自由、存在和杏子鸡尾酒,莎拉·贝克韦尔,W,《存在主义咖啡馆》---莎拉·贝克韦尔
Y,认识世界：古代与中世纪哲学,理查德·大卫·普莱希特,W,认识世界：古代与中世纪哲学
N,沉思录,【古罗马】马可·奥勒留,,沉思录
Y,在绝望之巅,E·M·齐奥朗,W,在绝望之巅（“二十世纪的尼采”、现代欧洲伟大的哲学家_E.M.齐奥朗代表作！将眼泪变成思想，发出反叛的野蛮呐喊）
Y,哲学的慰藉,阿兰·德波顿,W,哲学的慰藉
Y,他者的消失,韩炳哲,W,他者的消失
Y,《存在与时间》释义,张汝伦,W,《存在与时间》释义
Y,哲学，为人生烦恼找答案,黄珍奎,W,《哲学，为人生烦恼找答案》---黄珍奎
Y,大问题: 简明哲学导论,罗伯特•所罗门,W,大问题
Y,哲学家们都干了些什么?,林欣浩,W,哲学家们都干了些什么
Y,像哲学家一样生活:斯多葛哲学的生活艺术,威廉·B. 欧文,W,09《像哲学家一样生活》斯多葛哲学的生活艺术
Y,爱欲之死,韩炳哲,W,爱欲之死
Y,现象学导论七讲:从原著阐发原意,张祥龙,E,现象学导论七讲：从原著阐发原意
Y,打开：周濂的100堂西方哲学课,周濂,W,打开：周濂的100堂西方哲学课
Y,幸福的底层逻辑：关于人生的7堂哲学课,刘小播,E,幸福的底层逻辑：关于人生的7堂哲学课
Y,活出生命的意义,维克多·弗兰克尔,W,活出生命的意义
Y,西方哲学二十一讲,弗兰克·梯利,W,西方哲学二十一讲
Y,50堂经典哲学思维课,郁喆隽,E,Tang Jing Dian Zhe Xue Si Wei - Yu Zhe Jun
Y,生活的哲学,朱尔斯·埃文斯,W,生活的哲学
Y,生命的意义,威尔·杜兰特,W,生命的意义威尔.杜兰特
Y,看，这是哲学,唐纳德·帕尔默,W,看，这是哲学
Y,纯粹理性批判,伊曼努尔·康德,W,纯粹理性批判(注释本)
Y,写给每个人的哲学书：雅斯贝尔斯的14堂哲学思维课,卡尔·雅斯贝尔斯,W,03《写给每个人的哲学书》
Y,一堂终身哲学课：回答一生必然遇到的20个人生难题,莫提默·J·艾德勒,W,一堂终身哲学课：回答一生必然遇到的20个人生难题
Y,哲学的二十个夜晚,徐英瑾,E,03《哲学的二十个夜晚》
Y,哲学与人生,傅佩荣,E,哲学与人生 (1)
Y,你的第一本哲学书,托马斯·内格尔,W,你的第一本哲学书
Y,逻辑,金岳霖,E,逻辑：金岳霖哲学三书的理论基础
Y,规训与惩罚,米歇尔·福柯,W,规训与惩罚
Y,哲学小史：西方哲学四十讲,奈杰尔·沃伯顿,W,哲学小史
Y,别笑，我是正经哲学书,富增章成,E,别笑，我是正经哲学书
Y,哲学进化论：一场关于世界、意识、道德的无止境追问,李浩然,E,03《哲学进化论》
Y,哲学100问,书杰,E,哲学100问（套装共3册）
Y,世界哲学简史,罗伯特·所罗门,W,世界哲学简史
Y,行走，一堂哲学课,弗里德里克·格鲁,W,公众号：iMyShare - 行走，一堂哲学课
Y,让孩子像哲学家一样会思考,张玮,E,让孩子像哲学家一样会思考
Y,叔本华及哲学的狂野年代,吕迪格尔·萨弗兰斯基,W,叔本华及哲学的狂野年代
Y,哲学和我们的时代：读黑格尔《小逻辑》,周龙辉,W,哲学和我们的时代
Y,沙发上的哲学家,里克·杜菲尔,W,沙发上的哲学家
Y,世界观：现代人必须要懂的科学哲学和科学史,理查德·德威特,W,世界观：现代人必须要懂的科学哲学和科学史（原书第3版）
Y,清醒思考的艺术,罗尔夫·多贝里,W,清醒思考的艺术
Y,世界尽头的咖啡馆,约翰·史崔勒基,W,世界尽头的咖啡馆
Y,重返世界尽头的咖啡馆,约翰·史崔勒基,W,Zhong Fan Shi Jie Jin Tou De Ka - Yue Han _Shi Cui Le Ji
Y,思辨与立场：生活中无处不在的批判性思维工具,理查德·保罗,W,思辨与立场：生活中无处不在的批判性思维工具
Y,简单的逻辑学,D·Q·麦克尼,W,简单的逻辑学
Y,死亡哲学：耶鲁大学第一公开课,谢利·卡根,W,死亡哲学：耶鲁大学第一公开课
Y,将熟悉变为陌生：与齐格蒙特·鲍曼对谈,齐格蒙特·鲍曼,W,自我：与齐格蒙特·鲍曼对谈（将熟悉变为陌生）
Y,柏拉图哲学作品集,柏拉图,W,柏拉图哲学作品集（套装6册）
Y,“活在当下”指南,萨姆·哈里斯,W,_Huo Zai Dang Xia _Zhi Nan (She - Sa Mu _Ha Li Si
Y,逃避自由,E.弗洛姆,W,逃避自由 - [美]E.弗洛姆
Y,与神对话,尼尔·唐纳德·沃尔什,W,与神对话(全5卷）
Y,中西文化的精神分野：传统与更新,赵林,E,中西文化的精神分野
Y,僧侣与哲学家,让-弗朗索瓦何维勒/马修理查德,W,僧侣与哲学家
Y,存在主义是一种人道主义,让-保罗·萨特,W,译文经典·存在主义是一种人道主义
Y,庄子说什么,韩鹏杰,E,庄子说什么
Y,知行合一王阳明大全集,度阴山,E,知行合一王阳明大全集(套装共5册）
Y,知行合一王阳明：心学日课21天,度阴山,E,知行合一王阳明：心学日课21天
Y,禅与摩托车维修艺术,罗伯特·m·波西格,W,禅与摩托车维修艺术
Y,南怀瑾经典合集,南怀瑾,E,南怀瑾经典合集（共24册）
Y,正义之心：为什么人们总是坚持“我对你错”,乔纳森·海特,W,正义之心：为什么人们总是坚持“我对你错”
Y,笛卡尔的错误：情绪、推理和大脑,安东尼奥·达马西奥,W,笛卡尔的错误
Y,中国哲学十九讲,牟宗三,E,中国哲学十九讲
Y,企鹅哲学史,A.C.格雷林,W,企鹅哲学史 -A.C.格雷林
Y,"洞见：从科学到哲学,打开人类的认知真相",罗伯特·赖特,W,洞见：从科学到哲学，打开人类的认知真相
Y,知觉的世界——论哲学、文学与艺术,莫里斯·梅洛-庞蒂,W,知觉的世界_莫里斯·梅洛_庞蒂
N,和狗狗的十二次哲学漫步（12次遛狗，12个哲思时刻！一本真正的西方哲学入门书，跟着《云雀》作者麦高恩聊着天、遛着弯儿，学习生活的本质） (未读·思想家),安东尼·麦高恩,W,和狗狗的十二次哲学漫步(1)
Y,和狗狗的十二次哲学漫步,安东尼·麦高恩,W,和狗狗的十二次哲学漫步
Y,哲学的底色：人类永恒追求的六大哲学主题,莫提默 · 艾德勒,W,哲学的底色：人类永恒追求的六大哲学主题
Y,织梦人——一个男孩穿越现实的哲学之旅,杰克·鲍温,W,织梦人——一个男孩穿越现实的哲学之旅（妙趣横生的通识读本）
Y,哲学的快乐：干瘪的思考vs.激情的生活,罗伯特·所罗门,W,哲学的快乐：干瘪的思考vs.激情的生活
N,中国哲学简史,冯友兰,,中国哲学简史-冯友兰
